Keyword,Position
internet en vietnam,1
seguridad en marrakech,1
marrakech seguridad,1
codigo descuento norwegian,79
tarjeta sim vietnam,5
tarjeta sim en vietnam,7
donde alojarse en osaka,3
ruta 10 dias cuba,21
donde alojarse en ho chi minh,1
donde alojarse en hoi an,1
tour contrastes vip nueva york,77
donde aparcar en reikiavik,73
visitas guiadas roma en español,74
transporte barato madrid,52
donde alojarse hanoi,1
billetes free iberia,55
excursion pompeya y vesubio,6
cambio de moneda palma de mallorca,77
donde alojarse en hanoi,1
visado singapur españoles,86
donde alojarse en split,1
excursion pueblos amsterdam,11
donde alojarse en phuket,5
donde alojarse en busan,1
ruta cuba 15 dias,2
